               epoch,      train/box_loss,      train/obj_loss,      train/cls_loss,   metrics/precision,      metrics/recall,     metrics/mAP_0.5,metrics/mAP_0.5:0.95,        val/box_loss,        val/obj_loss,        val/cls_loss,               x/lr0,               x/lr1,               x/lr2
                   0,             0.08389,            0.053559,            0.087444,             0.24245,              0.2591,            0.079761,            0.036275,            0.065427,            0.021025,            0.081846,            0.070134,           0.0033185,           0.0033185
                   1,            0.062252,            0.044276,            0.074716,             0.27517,             0.42478,             0.30743,             0.14549,            0.052571,            0.017362,            0.061431,            0.040101,           0.0066189,           0.0066189
                   2,            0.055672,            0.040854,            0.055485,             0.71381,             0.50253,              0.5722,             0.27068,            0.051505,             0.02441,            0.039973,            0.010035,           0.0098863,           0.0098863
                   3,             0.05087,            0.039428,            0.040835,             0.85602,             0.59773,             0.71057,             0.33522,            0.049124,            0.021302,            0.030322,           0.0098515,           0.0098515,           0.0098515
                   4,             0.04704,            0.037552,            0.036329,             0.86795,             0.65782,             0.77169,             0.36472,            0.045946,            0.017071,            0.027108,           0.0098515,           0.0098515,           0.0098515
                   5,            0.045033,            0.036412,            0.033881,             0.87088,             0.70035,              0.8086,             0.45956,            0.041017,            0.014799,            0.023855,            0.009802,            0.009802,            0.009802
                   6,            0.043779,            0.035996,            0.032507,             0.88403,              0.7241,             0.83163,              0.4788,            0.040187,            0.014491,            0.022735,           0.0097525,           0.0097525,           0.0097525
                   7,            0.042751,            0.034823,            0.031118,             0.88374,             0.74828,             0.84206,             0.47157,            0.040457,            0.014538,            0.021218,            0.009703,            0.009703,            0.009703
                   8,            0.041994,            0.034523,            0.030366,             0.89084,             0.74847,             0.84961,             0.46946,            0.041409,            0.014451,            0.020505,           0.0096535,           0.0096535,           0.0096535
                   9,            0.041312,            0.034067,            0.029958,             0.89983,             0.74694,             0.84967,             0.48803,             0.04061,            0.014134,             0.02016,            0.009604,            0.009604,            0.009604
                  10,            0.040878,            0.033766,             0.02932,             0.90589,             0.77245,             0.86859,              0.5315,            0.037829,            0.013739,             0.01921,           0.0095545,           0.0095545,           0.0095545
                  11,            0.040391,             0.03339,            0.028759,             0.90641,             0.75527,             0.85875,             0.51357,            0.038652,            0.015507,            0.019361,            0.009505,            0.009505,            0.009505
                  12,            0.040311,            0.033433,            0.028363,             0.90523,             0.78331,             0.87488,             0.53227,            0.037717,            0.013681,             0.01812,           0.0094555,           0.0094555,           0.0094555
                  13,            0.039773,            0.032803,            0.027938,             0.90536,             0.78907,               0.881,             0.54439,            0.037039,             0.01346,            0.018107,            0.009406,            0.009406,            0.009406
                  14,            0.039441,             0.03267,            0.027562,             0.91388,             0.80197,             0.88384,             0.54095,            0.037292,            0.013451,            0.016643,           0.0093565,           0.0093565,           0.0093565
                  15,            0.039274,            0.032461,             0.02718,             0.91497,             0.80477,             0.89266,             0.56093,            0.036466,            0.013195,            0.016731,            0.009307,            0.009307,            0.009307
                  16,            0.039078,            0.032419,             0.02703,             0.90559,             0.81212,             0.88962,              0.5574,            0.036254,            0.013347,             0.01601,           0.0092575,           0.0092575,           0.0092575
                  17,            0.038951,            0.032554,            0.027068,             0.91371,             0.82086,             0.89684,             0.54332,             0.03773,             0.01356,            0.016101,            0.009208,            0.009208,            0.009208
                  18,            0.038753,            0.032096,            0.026551,              0.9165,             0.81331,             0.89308,              0.5453,            0.037361,            0.013379,            0.016104,           0.0091585,           0.0091585,           0.0091585
                  19,            0.038413,            0.031993,            0.026358,             0.91504,             0.82967,             0.90207,             0.57731,            0.035273,            0.013055,            0.015024,            0.009109,            0.009109,            0.009109
                  20,            0.038191,            0.031688,            0.026164,             0.92373,             0.82913,             0.90459,             0.57425,            0.035522,            0.013188,            0.014777,           0.0090595,           0.0090595,           0.0090595
                  21,            0.038192,            0.031869,             0.02614,             0.91132,             0.82581,             0.89989,             0.57514,            0.035603,            0.013001,            0.015098,             0.00901,             0.00901,             0.00901
                  22,            0.038009,            0.031197,            0.025795,             0.92481,             0.83291,             0.90901,             0.58664,            0.034988,               0.013,            0.014377,           0.0089605,           0.0089605,           0.0089605
                  23,            0.037765,            0.031289,            0.025489,             0.92023,             0.84152,             0.91079,              0.5831,            0.035387,            0.012894,             0.01396,            0.008911,            0.008911,            0.008911
                  24,            0.037885,             0.03135,            0.025674,             0.92086,             0.83863,             0.90913,             0.58481,            0.035083,            0.012918,             0.01423,           0.0088615,           0.0088615,           0.0088615
                  25,            0.037563,            0.031146,            0.025371,             0.92547,             0.83982,              0.9105,             0.58784,            0.034769,            0.012868,            0.013571,            0.008812,            0.008812,            0.008812
                  26,            0.037466,            0.031269,            0.025486,             0.92585,             0.84772,             0.91461,             0.59362,            0.034489,            0.012757,            0.013238,           0.0087625,           0.0087625,           0.0087625
                  27,            0.037366,            0.030776,            0.025036,             0.92378,             0.85136,             0.91704,             0.59092,            0.034657,            0.012744,            0.012828,            0.008713,            0.008713,            0.008713
                  28,            0.037283,            0.030924,            0.025181,             0.91903,             0.86732,             0.92245,             0.59331,            0.034678,            0.012747,            0.012535,           0.0086635,           0.0086635,           0.0086635
                  29,            0.037145,            0.031059,            0.024956,             0.92931,             0.85674,              0.9218,             0.60273,            0.033986,            0.012579,            0.012741,            0.008614,            0.008614,            0.008614
                  30,            0.037177,            0.031009,            0.024821,             0.93268,             0.85179,             0.91863,             0.60018,            0.034104,            0.012559,            0.012988,           0.0085645,           0.0085645,           0.0085645
                  31,            0.036927,            0.030972,            0.024625,             0.93131,             0.85904,             0.92168,             0.60319,            0.034101,            0.012623,            0.012736,            0.008515,            0.008515,            0.008515
                  32,            0.037107,            0.030855,            0.024678,             0.93217,              0.8647,             0.92447,             0.60778,            0.033803,            0.012546,            0.012452,           0.0084655,           0.0084655,           0.0084655
                  33,            0.036895,            0.030735,             0.02464,             0.93247,             0.86642,             0.92571,             0.60542,            0.034006,            0.012551,            0.012188,            0.008416,            0.008416,            0.008416
                  34,            0.036731,            0.030501,            0.024413,             0.93438,             0.86172,             0.92406,             0.60815,            0.033785,             0.01253,            0.012132,           0.0083665,           0.0083665,           0.0083665
                  35,            0.036696,            0.030513,            0.024405,             0.92938,             0.87412,             0.92945,             0.61448,            0.033567,             0.01247,            0.011916,            0.008317,            0.008317,            0.008317
                  36,            0.036657,            0.030643,             0.02432,             0.92622,             0.87764,             0.92648,             0.61532,              0.0335,            0.012472,            0.011905,           0.0082675,           0.0082675,           0.0082675
                  37,            0.036667,            0.030398,            0.024366,             0.93591,             0.87248,             0.92841,             0.61587,            0.033217,            0.012326,            0.011833,            0.008218,            0.008218,            0.008218
                  38,            0.036368,            0.030205,            0.024048,             0.93808,             0.87345,             0.92953,              0.6197,             0.03318,            0.012294,            0.011717,           0.0081685,           0.0081685,           0.0081685
                  39,            0.036342,            0.030319,            0.023884,             0.93791,             0.87413,             0.93066,             0.61732,            0.033276,            0.012308,            0.011431,            0.008119,            0.008119,            0.008119
                  40,            0.036309,            0.030117,            0.023905,             0.93876,             0.87529,             0.92952,             0.61905,            0.033196,            0.012254,            0.011332,           0.0080695,           0.0080695,           0.0080695
                  41,            0.036158,            0.030243,            0.023879,             0.93803,             0.87717,             0.92978,             0.62047,            0.033165,             0.01229,            0.011329,             0.00802,             0.00802,             0.00802
                  42,            0.036097,            0.030085,            0.023825,             0.93808,             0.87861,             0.93372,             0.62555,            0.032905,            0.012265,            0.011363,           0.0079705,           0.0079705,           0.0079705
                  43,            0.036166,            0.030031,            0.023621,             0.94012,             0.88082,              0.9325,              0.6242,            0.032942,             0.01228,            0.011472,            0.007921,            0.007921,            0.007921
                  44,            0.036042,            0.030223,            0.023466,             0.93881,             0.88225,             0.93472,              0.6262,            0.032812,            0.012226,            0.011165,           0.0078715,           0.0078715,           0.0078715
                  45,            0.036022,             0.03025,            0.023702,             0.94119,             0.88411,             0.93453,             0.62633,            0.032872,              0.0122,            0.011053,            0.007822,            0.007822,            0.007822
                  46,            0.035938,            0.030035,            0.023488,             0.93952,             0.88311,             0.93339,             0.62597,            0.032886,            0.012182,            0.011211,           0.0077725,           0.0077725,           0.0077725
                  47,            0.035908,            0.029971,            0.023409,             0.93784,              0.8885,             0.93609,             0.62805,            0.032774,            0.012212,            0.011023,            0.007723,            0.007723,            0.007723
                  48,            0.035978,            0.030164,            0.023554,               0.936,             0.88708,             0.93573,             0.62698,            0.032792,            0.012236,             0.01108,           0.0076735,           0.0076735,           0.0076735
                  49,            0.035793,            0.029999,             0.02332,             0.93654,             0.88634,             0.93572,             0.62968,            0.032708,            0.012228,            0.011035,            0.007624,            0.007624,            0.007624
                  50,            0.035727,             0.02993,            0.023185,             0.93755,             0.88661,             0.93611,             0.62967,            0.032688,            0.012189,            0.010751,           0.0075745,           0.0075745,           0.0075745
                  51,            0.035662,             0.02982,            0.023265,              0.9395,             0.88622,             0.93722,             0.62988,            0.032681,            0.012167,            0.010657,            0.007525,            0.007525,            0.007525
                  52,            0.035621,            0.029693,            0.023268,             0.93712,             0.89067,             0.93696,             0.63028,            0.032693,            0.012155,            0.010832,           0.0074755,           0.0074755,           0.0074755
                  53,             0.03549,             0.02952,            0.022871,             0.93938,             0.89278,               0.938,             0.63137,            0.032564,            0.012124,            0.010863,            0.007426,            0.007426,            0.007426
                  54,            0.035654,            0.029588,            0.023071,             0.94039,             0.88911,             0.93763,             0.63345,            0.032505,             0.01212,            0.010775,           0.0073765,           0.0073765,           0.0073765
                  55,            0.035538,            0.029545,            0.022794,             0.93968,             0.89274,              0.9371,             0.63356,            0.032475,            0.012104,            0.010708,            0.007327,            0.007327,            0.007327
                  56,             0.03513,             0.02905,            0.022499,             0.94019,             0.89389,             0.93797,              0.6339,            0.032463,              0.0121,            0.010529,           0.0072775,           0.0072775,           0.0072775
                  57,            0.035372,            0.029452,            0.022839,             0.93455,             0.89739,               0.938,              0.6345,             0.03243,            0.012089,            0.010476,            0.007228,            0.007228,            0.007228
                  58,            0.035349,            0.029538,            0.022678,             0.93289,             0.89805,               0.938,             0.63504,            0.032379,            0.012081,            0.010506,           0.0071785,           0.0071785,           0.0071785
                  59,            0.035388,            0.029699,            0.022895,             0.93486,             0.89752,             0.93838,             0.63588,            0.032304,            0.012071,            0.010492,            0.007129,            0.007129,            0.007129
                  60,            0.035046,            0.029114,            0.022549,             0.93837,             0.89644,             0.93825,             0.63587,            0.032275,            0.012073,            0.010479,           0.0070795,           0.0070795,           0.0070795
                  61,            0.035103,            0.029332,            0.022499,             0.93877,             0.89642,             0.93953,              0.6352,            0.032221,            0.012061,            0.010458,             0.00703,             0.00703,             0.00703
                  62,            0.035296,            0.029555,            0.022732,             0.93991,             0.89449,             0.93708,             0.63642,             0.03218,            0.012045,            0.010444,           0.0069805,           0.0069805,           0.0069805
                  63,            0.035142,            0.029393,            0.022535,             0.93824,             0.89569,             0.93804,             0.63708,            0.032155,            0.012031,            0.010443,            0.006931,            0.006931,            0.006931
                  64,            0.035108,            0.029392,             0.02239,             0.93931,             0.89532,             0.93804,               0.638,            0.032143,            0.012025,              0.0104,           0.0068815,           0.0068815,           0.0068815
                  65,            0.035096,            0.029291,            0.022458,             0.94177,             0.89564,             0.93976,             0.63816,            0.032124,             0.01202,            0.010379,            0.006832,            0.006832,            0.006832
                  66,            0.034906,            0.029229,             0.02234,             0.94063,             0.89698,             0.93965,              0.6385,            0.032122,            0.012023,            0.010365,           0.0067825,           0.0067825,           0.0067825
                  67,             0.03497,            0.029026,            0.022175,             0.94104,             0.89871,              0.9388,             0.63864,            0.032106,            0.012025,            0.010375,            0.006733,            0.006733,            0.006733
                  68,            0.034862,            0.029022,             0.02213,             0.94169,             0.89808,             0.94015,             0.63939,            0.032078,            0.012022,            0.010369,           0.0066835,           0.0066835,           0.0066835
                  69,            0.034808,            0.029178,            0.022133,             0.94311,              0.8992,             0.94074,             0.63971,            0.032044,            0.012012,             0.01036,            0.006634,            0.006634,            0.006634
                  70,            0.034795,            0.028899,            0.022275,             0.94395,             0.89929,             0.94082,             0.64032,            0.032021,            0.012006,            0.010325,           0.0065845,           0.0065845,           0.0065845
                  71,            0.034823,            0.028937,            0.022317,             0.94392,             0.89886,             0.93971,             0.64036,            0.031996,               0.012,            0.010302,            0.006535,            0.006535,            0.006535
                  72,            0.034692,            0.029026,            0.022173,             0.94476,             0.89953,             0.94089,             0.64017,            0.031977,            0.011992,            0.010269,           0.0064855,           0.0064855,           0.0064855
                  73,            0.034588,            0.028743,            0.021951,             0.94379,             0.90122,             0.94243,              0.6406,            0.031957,            0.011988,            0.010225,            0.006436,            0.006436,            0.006436
                  74,            0.034512,            0.028994,            0.022045,             0.94265,             0.90197,             0.94255,             0.64058,            0.031947,            0.011986,            0.010202,           0.0063865,           0.0063865,           0.0063865
                  75,            0.034402,            0.028726,            0.021896,              0.9441,             0.90095,             0.94275,             0.64137,            0.031931,            0.011982,            0.010178,            0.006337,            0.006337,            0.006337
                  76,             0.03449,            0.028917,            0.021781,             0.94335,             0.90149,             0.94278,             0.64152,            0.031917,            0.011981,            0.010152,           0.0062875,           0.0062875,           0.0062875
                  77,            0.034619,            0.028985,            0.022015,             0.94361,             0.90238,             0.94281,             0.64185,            0.031907,            0.011982,            0.010123,            0.006238,            0.006238,            0.006238
                  78,            0.034436,            0.028585,            0.021729,             0.94673,             0.89929,             0.94307,             0.64184,            0.031898,            0.011981,              0.0101,           0.0061885,           0.0061885,           0.0061885
                  79,            0.034181,            0.028393,            0.021662,             0.94429,             0.90331,             0.94318,             0.64173,             0.03189,            0.011976,            0.010086,            0.006139,            0.006139,            0.006139
                  80,            0.034345,            0.028468,            0.021613,             0.94447,             0.90306,             0.94331,             0.64143,            0.031885,            0.011973,            0.010082,           0.0060895,           0.0060895,           0.0060895
                  81,            0.034307,            0.028717,            0.021678,             0.94549,             0.90292,             0.94332,             0.64176,            0.031884,             0.01197,            0.010074,             0.00604,             0.00604,             0.00604
                  82,            0.034362,            0.028584,            0.021488,             0.94553,             0.90258,             0.94301,             0.64189,            0.031878,            0.011969,             0.01005,           0.0059905,           0.0059905,           0.0059905
                  83,            0.034183,            0.028626,            0.021492,             0.94656,             0.90183,             0.94308,             0.64171,            0.031875,            0.011967,            0.010018,            0.005941,            0.005941,            0.005941
                  84,            0.034149,            0.028369,            0.021343,             0.94664,             0.90157,             0.94319,             0.64179,            0.031873,            0.011964,            0.010003,           0.0058915,           0.0058915,           0.0058915
                  85,            0.034081,             0.02845,            0.021466,             0.94754,             0.90177,             0.94367,             0.64183,            0.031872,            0.011961,           0.0099898,            0.005842,            0.005842,            0.005842
                  86,            0.034255,            0.028586,            0.021466,             0.94809,             0.90125,             0.94292,             0.64173,            0.031872,            0.011961,           0.0099808,           0.0057925,           0.0057925,           0.0057925
                  87,            0.034078,            0.028324,            0.021351,              0.9488,             0.90093,             0.94322,             0.64186,            0.031868,            0.011959,           0.0099679,            0.005743,            0.005743,            0.005743
                  88,            0.034081,            0.028448,            0.021346,             0.94917,             0.90162,             0.94407,             0.64234,            0.031863,            0.011957,           0.0099505,           0.0056935,           0.0056935,           0.0056935
                  89,            0.034174,             0.02858,            0.021507,             0.94878,             0.90178,             0.94413,             0.64263,            0.031857,            0.011956,           0.0099324,            0.005644,            0.005644,            0.005644
                  90,            0.033934,            0.028209,            0.021197,             0.94892,             0.90161,             0.94456,             0.64238,            0.031855,            0.011955,           0.0099209,           0.0055945,           0.0055945,           0.0055945
                  91,            0.033899,            0.028352,            0.021312,             0.94878,             0.90069,             0.94403,             0.64277,            0.031851,            0.011951,           0.0099118,            0.005545,            0.005545,            0.005545
                  92,            0.033941,            0.028454,            0.020916,             0.94943,             0.90093,             0.94398,             0.64267,            0.031849,            0.011949,           0.0099036,           0.0054955,           0.0054955,           0.0054955
                  93,            0.033839,             0.02807,             0.02102,             0.94876,             0.90115,             0.94411,             0.64294,            0.031845,            0.011946,           0.0098897,            0.005446,            0.005446,            0.005446
                  94,            0.033757,            0.028106,            0.020942,             0.94785,             0.90223,             0.94396,             0.64299,            0.031841,            0.011944,            0.009875,           0.0053965,           0.0053965,           0.0053965
                  95,            0.033757,            0.028419,            0.021189,             0.94737,             0.90264,             0.94376,              0.6431,            0.031837,            0.011943,           0.0098665,            0.005347,            0.005347,            0.005347
                  96,            0.033557,            0.027772,            0.021009,             0.94655,             0.90461,             0.94461,             0.64279,            0.031832,            0.011942,           0.0098562,           0.0052975,           0.0052975,           0.0052975
                  97,            0.033765,            0.028285,            0.021098,             0.94647,             0.90394,             0.94437,             0.64309,            0.031823,            0.011939,           0.0098417,            0.005248,            0.005248,            0.005248
                  98,            0.033486,            0.027959,             0.02075,             0.94664,             0.90456,             0.94439,             0.64335,            0.031818,            0.011936,            0.009832,           0.0051985,           0.0051985,           0.0051985
                  99,            0.033603,            0.028004,            0.020875,             0.94714,             0.90451,             0.94481,             0.64326,             0.03181,            0.011934,           0.0098188,            0.005149,            0.005149,            0.005149
                 100,            0.033643,            0.027699,            0.020708,             0.94709,             0.90441,             0.94471,             0.64339,            0.031805,            0.011933,           0.0098067,           0.0050995,           0.0050995,           0.0050995
                 101,            0.033632,            0.028232,            0.020921,             0.94821,             0.90406,             0.94479,             0.64364,            0.031796,            0.011931,           0.0097986,             0.00505,             0.00505,             0.00505
                 102,            0.033376,            0.027738,            0.020488,             0.94854,             0.90436,             0.94464,             0.64424,            0.031788,            0.011929,           0.0097928,           0.0050005,           0.0050005,           0.0050005
                 103,            0.033395,            0.027965,            0.020603,             0.94934,             0.90411,              0.9447,             0.64432,            0.031778,            0.011926,           0.0097845,            0.004951,            0.004951,            0.004951
                 104,            0.033621,            0.028088,            0.020826,             0.94942,             0.90407,             0.94454,             0.64424,            0.031771,            0.011926,           0.0097734,           0.0049015,           0.0049015,           0.0049015
                 105,            0.033349,            0.027609,            0.020367,             0.94997,             0.90407,             0.94438,             0.64445,            0.031762,            0.011924,           0.0097681,            0.004852,            0.004852,            0.004852
                 106,             0.03335,            0.027622,            0.020648,             0.94957,             0.90408,             0.94493,             0.64414,            0.031754,            0.011921,           0.0097556,           0.0048025,           0.0048025,           0.0048025
                 107,            0.033172,            0.027692,            0.020313,             0.94933,             0.90404,             0.94474,             0.64395,            0.031749,            0.011919,           0.0097459,            0.004753,            0.004753,            0.004753
                 108,            0.033372,            0.027796,            0.020517,             0.94968,             0.90423,             0.94482,             0.64421,            0.031743,            0.011918,           0.0097345,           0.0047035,           0.0047035,           0.0047035
                 109,            0.033214,            0.027805,            0.020354,             0.94997,             0.90386,             0.94496,             0.64421,            0.031737,            0.011917,            0.009728,            0.004654,            0.004654,            0.004654
                 110,            0.033278,            0.027862,            0.020446,             0.94908,             0.90424,             0.94503,             0.64439,            0.031731,            0.011916,           0.0097151,           0.0046045,           0.0046045,           0.0046045
                 111,            0.033104,            0.027595,            0.020139,             0.94968,             0.90464,              0.9449,             0.64493,            0.031724,            0.011913,           0.0097071,            0.004555,            0.004555,            0.004555
                 112,            0.033138,            0.027567,            0.020098,             0.95015,              0.9056,             0.94501,             0.64514,            0.031719,            0.011913,           0.0096953,           0.0045055,           0.0045055,           0.0045055
                 113,             0.03302,            0.027411,            0.020139,             0.95059,              0.9059,             0.94523,             0.64483,            0.031716,            0.011911,           0.0096873,            0.004456,            0.004456,            0.004456
                 114,            0.033001,            0.027728,            0.020254,             0.95101,              0.9063,             0.94533,              0.6451,            0.031716,            0.011911,           0.0096748,           0.0044065,           0.0044065,           0.0044065
                 115,            0.033109,            0.027713,            0.020173,             0.95087,             0.90714,             0.94538,             0.64546,            0.031712,            0.011911,           0.0096674,            0.004357,            0.004357,            0.004357
                 116,            0.032957,            0.027468,            0.019944,             0.95052,             0.90698,             0.94538,              0.6457,            0.031705,            0.011909,           0.0096609,           0.0043075,           0.0043075,           0.0043075
                 117,            0.032846,            0.027309,            0.019909,             0.95048,             0.90719,              0.9457,             0.64583,            0.031701,            0.011906,           0.0096561,            0.004258,            0.004258,            0.004258
                 118,            0.032971,            0.027408,            0.020047,             0.95047,             0.90772,              0.9459,             0.64567,            0.031694,            0.011906,           0.0096488,           0.0042085,           0.0042085,           0.0042085
                 119,            0.032848,            0.027291,            0.019876,             0.95048,             0.90843,             0.94586,             0.64599,            0.031684,            0.011904,           0.0096412,            0.004159,            0.004159,            0.004159
                 120,            0.032707,            0.027138,            0.019814,             0.95055,             0.90881,             0.94592,             0.64613,            0.031675,              0.0119,           0.0096323,           0.0041095,           0.0041095,           0.0041095
                 121,            0.032762,            0.027312,            0.019814,             0.95063,             0.90872,              0.9458,             0.64654,            0.031671,            0.011901,           0.0096207,             0.00406,             0.00406,             0.00406
                 122,            0.032638,            0.027141,            0.019646,             0.95013,             0.90937,             0.94615,             0.64636,            0.031662,            0.011898,           0.0096104,           0.0040105,           0.0040105,           0.0040105
                 123,            0.032684,             0.02724,            0.019678,             0.95033,             0.90948,              0.9459,             0.64636,            0.031655,            0.011896,           0.0096017,            0.003961,            0.003961,            0.003961
                 124,            0.032658,            0.027054,            0.019318,             0.95086,             0.91039,             0.94611,             0.64658,            0.031653,            0.011896,            0.009589,           0.0039115,           0.0039115,           0.0039115
                 125,            0.032441,            0.026911,            0.019516,             0.95025,             0.91074,             0.94618,              0.6467,             0.03165,            0.011894,           0.0095757,            0.003862,            0.003862,            0.003862
                 126,            0.032683,            0.027251,            0.019602,             0.95028,             0.91139,             0.94627,             0.64666,            0.031647,            0.011894,           0.0095626,           0.0038125,           0.0038125,           0.0038125
                 127,            0.032438,            0.027105,            0.019486,             0.95001,             0.91172,              0.9462,              0.6469,            0.031645,            0.011892,           0.0095543,            0.003763,            0.003763,            0.003763
                 128,            0.032501,            0.027002,            0.019513,              0.9502,              0.9115,             0.94652,              0.6467,            0.031642,            0.011892,           0.0095414,           0.0037135,           0.0037135,           0.0037135
                 129,            0.032529,            0.027063,            0.019346,             0.95026,             0.91238,             0.94639,             0.64666,             0.03164,             0.01189,           0.0095325,            0.003664,            0.003664,            0.003664
                 130,             0.03251,            0.027065,            0.019517,             0.94997,             0.91321,             0.94652,             0.64725,            0.031636,            0.011889,           0.0095272,           0.0036145,           0.0036145,           0.0036145
                 131,            0.032408,            0.026861,            0.019302,             0.94982,             0.91318,             0.94653,             0.64706,            0.031635,            0.011886,           0.0095183,            0.003565,            0.003565,            0.003565
                 132,            0.032204,            0.026754,            0.018983,             0.95003,             0.91322,             0.94653,             0.64746,            0.031627,            0.011885,           0.0095104,           0.0035155,           0.0035155,           0.0035155
                 133,            0.031978,            0.026594,            0.019115,             0.95055,             0.91282,              0.9461,             0.64782,            0.031621,            0.011883,           0.0095016,            0.003466,            0.003466,            0.003466
                 134,            0.032056,            0.026474,            0.018935,             0.95118,             0.91242,             0.94634,             0.64782,            0.031614,            0.011881,           0.0094974,           0.0034165,           0.0034165,           0.0034165
                 135,             0.03217,            0.026762,            0.019107,              0.9514,             0.91178,             0.94583,             0.64785,            0.031611,            0.011879,           0.0094898,            0.003367,            0.003367,            0.003367
                 136,            0.032162,            0.026842,            0.019193,             0.95137,              0.9118,             0.94579,             0.64799,            0.031605,            0.011877,           0.0094832,           0.0033175,           0.0033175,           0.0033175
                 137,            0.032152,            0.026707,             0.01897,             0.95129,             0.91238,             0.94571,             0.64843,            0.031599,            0.011875,           0.0094725,            0.003268,            0.003268,            0.003268
                 138,            0.032061,            0.026846,            0.018973,             0.95152,             0.91235,              0.9457,             0.64839,            0.031591,            0.011874,           0.0094635,           0.0032185,           0.0032185,           0.0032185
                 139,            0.031911,            0.026595,             0.01865,             0.95126,              0.9132,             0.94573,             0.64833,            0.031588,            0.011872,           0.0094559,            0.003169,            0.003169,            0.003169
                 140,            0.032002,             0.02645,            0.018717,             0.95094,              0.9131,             0.94554,             0.64837,            0.031584,            0.011871,           0.0094496,           0.0031195,           0.0031195,           0.0031195
                 141,             0.03201,            0.026713,            0.018953,             0.95068,             0.91348,             0.94565,             0.64882,            0.031578,            0.011868,           0.0094412,             0.00307,             0.00307,             0.00307
                 142,            0.031986,            0.026639,            0.018617,             0.94963,             0.91462,             0.94644,             0.64907,            0.031572,            0.011867,           0.0094358,           0.0030205,           0.0030205,           0.0030205
                 143,            0.031822,            0.026612,            0.018599,             0.95024,             0.91445,             0.94651,             0.64917,             0.03157,            0.011866,           0.0094293,            0.002971,            0.002971,            0.002971
                 144,            0.031739,            0.026163,            0.018604,              0.9505,             0.91442,             0.94661,             0.64961,            0.031569,            0.011865,            0.009421,           0.0029215,           0.0029215,           0.0029215
                 145,            0.031741,            0.026354,            0.018377,             0.95052,             0.91434,              0.9469,             0.64935,            0.031568,            0.011865,            0.009415,            0.002872,            0.002872,            0.002872
                 146,            0.031581,            0.026102,            0.018151,             0.95088,             0.91452,             0.94694,             0.64959,            0.031566,            0.011863,            0.009407,           0.0028225,           0.0028225,           0.0028225
                 147,            0.031737,            0.026168,            0.018406,             0.95036,             0.91463,              0.9471,             0.64979,            0.031566,            0.011863,           0.0094002,            0.002773,            0.002773,            0.002773
                 148,            0.031603,            0.026537,            0.018588,             0.95064,             0.91419,             0.94662,             0.64984,            0.031567,            0.011863,           0.0093938,           0.0027235,           0.0027235,           0.0027235
                 149,            0.031338,            0.026097,            0.018167,             0.94975,             0.91487,             0.94659,             0.64956,            0.031569,            0.011862,            0.009388,            0.002674,            0.002674,            0.002674
                 150,             0.03151,            0.026232,            0.018302,             0.94942,             0.91477,             0.94627,             0.64937,            0.031569,            0.011861,           0.0093814,           0.0026245,           0.0026245,           0.0026245
                 151,            0.031509,             0.02605,            0.018129,             0.94976,             0.91473,             0.94644,             0.64935,            0.031568,            0.011861,           0.0093744,            0.002575,            0.002575,            0.002575
                 152,            0.031227,            0.026061,            0.018081,             0.94958,             0.91465,             0.94582,             0.64954,            0.031572,            0.011862,            0.009363,           0.0025255,           0.0025255,           0.0025255
                 153,            0.031481,            0.026198,            0.018032,              0.9497,             0.91478,              0.9464,             0.64989,            0.031571,            0.011859,           0.0093573,            0.002476,            0.002476,            0.002476
                 154,            0.031026,            0.025847,            0.017756,             0.94914,             0.91449,             0.94584,             0.65024,            0.031567,            0.011862,           0.0093506,           0.0024265,           0.0024265,           0.0024265
                 155,            0.031233,            0.025967,            0.017733,              0.9488,             0.91439,             0.94563,             0.65027,            0.031564,             0.01186,           0.0093429,            0.002377,            0.002377,            0.002377
                 156,            0.031262,            0.026061,            0.018067,             0.94931,              0.9144,             0.94622,             0.65057,            0.031553,            0.011859,           0.0093335,           0.0023275,           0.0023275,           0.0023275
                 157,            0.031081,            0.026001,            0.017745,             0.94962,             0.91475,             0.94645,             0.65088,            0.031544,            0.011859,           0.0093274,            0.002278,            0.002278,            0.002278
                 158,             0.03112,            0.025814,            0.017762,             0.94977,              0.9145,             0.94614,             0.65094,            0.031537,            0.011858,           0.0093231,           0.0022285,           0.0022285,           0.0022285
                 159,            0.031016,            0.025446,            0.017683,             0.94979,             0.91488,              0.9462,             0.65128,             0.03153,            0.011858,           0.0093179,            0.002179,            0.002179,            0.002179
                 160,            0.030981,            0.025552,            0.017576,             0.94947,             0.91536,             0.94634,             0.65147,            0.031521,            0.011858,           0.0093097,           0.0021295,           0.0021295,           0.0021295
                 161,            0.030901,             0.02571,            0.017437,             0.95032,              0.9154,             0.94681,              0.6517,            0.031514,            0.011858,           0.0093011,             0.00208,             0.00208,             0.00208
                 162,            0.030741,            0.025298,            0.017397,             0.95039,             0.91545,             0.94694,             0.65137,            0.031511,            0.011858,           0.0092971,           0.0020305,           0.0020305,           0.0020305
                 163,            0.030793,            0.025539,            0.017393,             0.95041,             0.91571,             0.94705,             0.65125,            0.031506,            0.011856,           0.0092934,            0.001981,            0.001981,            0.001981
                 164,            0.030871,            0.025516,            0.017472,             0.95057,             0.91571,             0.94729,             0.65161,              0.0315,            0.011856,           0.0092834,           0.0019315,           0.0019315,           0.0019315
                 165,            0.030639,            0.025438,             0.01728,             0.95044,             0.91577,             0.94759,             0.65154,            0.031494,            0.011854,           0.0092753,            0.001882,            0.001882,            0.001882
                 166,            0.030512,            0.025158,            0.017152,             0.95023,              0.9159,             0.94792,             0.65192,            0.031488,            0.011854,           0.0092689,           0.0018325,           0.0018325,           0.0018325
                 167,            0.030656,             0.02571,            0.017282,             0.94992,             0.91561,             0.94744,             0.65196,            0.031484,            0.011852,           0.0092624,            0.001783,            0.001783,            0.001783
                 168,            0.030592,             0.02531,            0.016937,             0.94979,             0.91591,             0.94742,             0.65234,            0.031475,            0.011851,           0.0092576,           0.0017335,           0.0017335,           0.0017335
                 169,            0.030602,             0.02525,            0.017258,             0.94985,             0.91613,             0.94732,             0.65244,            0.031468,             0.01185,           0.0092509,            0.001684,            0.001684,            0.001684
                 170,            0.030535,            0.025414,            0.017119,             0.94961,             0.91669,             0.94739,             0.65266,            0.031461,            0.011849,            0.009241,           0.0016345,           0.0016345,           0.0016345
                 171,            0.030505,            0.025198,            0.016975,             0.94943,             0.91653,             0.94744,             0.65264,            0.031455,            0.011848,           0.0092335,            0.001585,            0.001585,            0.001585
                 172,            0.030444,            0.025256,            0.016797,             0.94916,             0.91693,             0.94742,             0.65284,            0.031451,            0.011847,           0.0092298,           0.0015355,           0.0015355,           0.0015355
                 173,            0.030297,            0.025265,            0.016893,             0.94933,             0.91699,             0.94756,             0.65262,            0.031446,            0.011845,           0.0092282,            0.001486,            0.001486,            0.001486
                 174,            0.030315,            0.024943,            0.016745,             0.94941,             0.91667,             0.94766,             0.65278,            0.031442,            0.011846,           0.0092267,           0.0014365,           0.0014365,           0.0014365
                 175,            0.030318,            0.025278,            0.016879,             0.94974,             0.91613,              0.9477,             0.65289,            0.031435,            0.011846,           0.0092263,            0.001387,            0.001387,            0.001387
                 176,            0.030091,            0.024757,            0.016552,             0.94968,             0.91693,             0.94768,               0.653,            0.031429,            0.011845,           0.0092237,           0.0013375,           0.0013375,           0.0013375
                 177,            0.030225,            0.025168,             0.01662,             0.94909,             0.91694,             0.94691,             0.65288,             0.03142,            0.011843,           0.0092204,            0.001288,            0.001288,            0.001288
                 178,            0.030126,            0.024912,            0.016518,             0.94919,             0.91702,             0.94692,             0.65286,            0.031412,            0.011843,           0.0092177,           0.0012385,           0.0012385,           0.0012385
                 179,            0.029882,            0.024847,            0.016277,             0.94924,             0.91677,             0.94701,             0.65323,            0.031405,            0.011841,            0.009217,            0.001189,            0.001189,            0.001189
                 180,            0.030104,            0.025127,            0.016489,             0.94882,             0.91652,             0.94695,             0.65281,            0.031398,            0.011842,           0.0092175,           0.0011395,           0.0011395,           0.0011395
                 181,            0.029945,            0.024646,            0.016436,             0.94885,             0.91636,             0.94704,             0.65286,            0.031389,            0.011841,           0.0092159,             0.00109,             0.00109,             0.00109
                 182,            0.029963,            0.024829,            0.016383,             0.94912,             0.91623,             0.94707,             0.65324,             0.03138,            0.011841,           0.0092185,           0.0010405,           0.0010405,           0.0010405
                 183,            0.029824,            0.024676,              0.0163,             0.94992,             0.91612,             0.94715,             0.65364,            0.031376,            0.011842,           0.0092157,            0.000991,            0.000991,            0.000991
                 184,            0.029687,            0.024536,            0.016089,             0.95025,             0.91616,             0.94722,             0.65413,            0.031371,            0.011842,           0.0092145,           0.0009415,           0.0009415,           0.0009415
                 185,            0.029506,            0.024451,            0.015887,             0.95033,             0.91564,             0.94743,             0.65374,            0.031367,            0.011843,           0.0092178,            0.000892,            0.000892,            0.000892
                 186,            0.029634,            0.024512,            0.015999,             0.95031,             0.91572,             0.94728,             0.65364,             0.03136,            0.011843,           0.0092146,           0.0008425,           0.0008425,           0.0008425
                 187,            0.029441,            0.024163,            0.015837,             0.95045,             0.91487,             0.94736,             0.65402,            0.031355,            0.011843,           0.0092117,            0.000793,            0.000793,            0.000793
                 188,             0.02948,            0.024151,            0.015813,             0.95084,             0.91486,             0.94758,             0.65379,            0.031353,            0.011845,           0.0092112,           0.0007435,           0.0007435,           0.0007435
                 189,            0.029283,            0.024389,            0.015585,             0.95012,             0.91449,             0.94714,             0.65381,            0.031348,            0.011843,           0.0092102,            0.000694,            0.000694,            0.000694
                 190,            0.029481,            0.024535,            0.015936,             0.95022,             0.91429,             0.94712,              0.6541,            0.031343,            0.011844,            0.009209,           0.0006445,           0.0006445,           0.0006445
                 191,            0.029287,            0.024165,            0.015755,             0.95039,             0.91442,             0.94726,             0.65422,            0.031339,            0.011843,           0.0092084,            0.000595,            0.000595,            0.000595
                 192,            0.029123,            0.024106,            0.015524,             0.95035,             0.91469,             0.94729,             0.65468,            0.031336,            0.011844,           0.0092067,           0.0005455,           0.0005455,           0.0005455
                 193,            0.029056,            0.024035,            0.015415,             0.95088,             0.91483,             0.94733,             0.65496,            0.031331,            0.011845,           0.0092044,            0.000496,            0.000496,            0.000496
                 194,            0.029248,            0.023911,            0.015437,             0.95114,             0.91493,              0.9474,             0.65502,            0.031327,            0.011846,           0.0092037,           0.0004465,           0.0004465,           0.0004465
                 195,            0.029218,            0.024033,            0.015494,             0.95134,             0.91477,             0.94743,             0.65515,            0.031321,            0.011845,           0.0092016,            0.000397,            0.000397,            0.000397
                 196,            0.028895,            0.023795,            0.015212,             0.95146,              0.9147,             0.94751,             0.65536,            0.031317,            0.011847,           0.0091999,           0.0003475,           0.0003475,           0.0003475
                 197,            0.028896,             0.02381,            0.015306,             0.95172,             0.91501,             0.94739,             0.65535,            0.031314,            0.011847,            0.009199,            0.000298,            0.000298,            0.000298
                 198,            0.028957,            0.023754,            0.015271,             0.95158,             0.91554,             0.94742,              0.6555,            0.031307,            0.011847,           0.0092001,           0.0002485,           0.0002485,           0.0002485
                 199,             0.02868,            0.023368,            0.014907,             0.95168,             0.91497,             0.94753,             0.65549,            0.031303,            0.011848,           0.0091978,            0.000199,            0.000199,            0.000199
